"","Index_No","Mid_34","Mid_20","Final_80","Marks_1","Marks_2","Grand_Final","Lec_1","Lec_2","Lec_3","Lec_4","Lec_5","Lec_6","Lec_7","Total_Attendance"
"1","A1",0,0,1,1,1.25,1,1,0,1,1,0,0,0,3
"2","A2",0,0,1,1,1.25,1,1,1,0,0,1,0,0,3
"3","A3",4,2.352941176,4,6.352941176,5,6,1,1,0,0,1,0,0,3
"4","A4",5,2.941176471,5,7.941176471,6.25,8,1,0,1,0,1,0,0,3
"5","A5",7,4.117647059,4,8.117647059,5,8,0,1,0,1,0,0,0,2
"6","A6",14,8.235294118,2,10.23529412,2.5,10,0,0,0,0,1,0,0,1
"7","A7",0,0,11,11,13.75,14,0,0,0,0,0,0,0,0
"8","A8",16,9.411764706,6,15.41176471,7.5,15,1,0,0,0,0,0,0,1
"9","A9",20,11.76470588,4,15.76470588,5,16,1,1,1,1,1,0,0,5
"10","A10",23,13.52941176,3,16.52941176,3.75,17,0,0,0,0,1,0,0,1
"11","A11",11,6.470588235,11,17.47058824,13.75,17,1,0,0,0,0,0,0,1
"12","A12",12,7.058823529,10,17.05882353,12.5,17,1,0,0,0,0,1,0,2
"13","A13",17,10,8,18,10,18,0,0,0,0,0,0,0,0
"14","A14",22,12.94117647,6,18.94117647,7.5,19,1,1,0,1,1,1,1,6
"15","A15",4,2.352941176,15,17.35294118,18.75,19,1,1,1,1,1,0,1,6
"16","A16",11,6.470588235,13,19.47058824,16.25,19,1,1,0,1,1,0,0,4
"17","A17",26,15.29411765,4,19.29411765,5,19,0,0,0,0,0,0,0,0
"18","A18",17,10,10,20,12.5,20,1,0,0,0,0,0,0,1
"19","A19",10,5.882352941,14,19.88235294,17.5,20,0,0,0,1,0,0,0,1
"20","A20",13,7.647058824,12,19.64705882,15,20,1,1,0,0,0,0,0,2
"21","A21",18,10.58823529,10,20.58823529,12.5,21,1,1,0,0,0,0,0,2
"22","A22",13,7.647058824,14,21.64705882,17.5,22,1,1,0,1,0,0,0,3
"23","A23",16,9.411764706,13,22.41176471,16.25,22,1,0,0,0,0,0,0,1
"24","A24",15,8.823529412,13,21.82352941,16.25,22,1,0,0,1,0,0,0,2
"25","A25",0,0,18,18,22.5,23,1,0,1,0,1,0,0,3
"26","A26",11,6.470588235,17,23.47058824,21.25,23,1,0,0,0,0,0,0,1
"27","A27",0,0,19,19,23.75,24,0,0,0,0,0,0,0,0
"28","A28",4,2.352941176,19,21.35294118,23.75,24,1,0,0,0,1,0,1,3
"29","A29",13,7.647058824,17,24.64705882,21.25,25,1,1,1,1,1,0,0,5
"30","A30",10,5.882352941,19,24.88235294,23.75,25,1,1,0,1,0,0,0,3
"31","A31",8,4.705882353,20,24.70588235,25,25,0,1,1,0,0,1,0,3
"32","A32",16,9.411764706,17,26.41176471,21.25,26,0,1,0,0,0,0,0,1
"33","A33",7,4.117647059,21,25.11764706,26.25,26,1,0,0,0,1,0,0,2
"34","A34",21,12.35294118,15,27.35294118,18.75,27,1,0,0,0,1,0,0,2
"35","A35",16,9.411764706,18,27.41176471,22.5,27,1,1,1,1,0,0,0,4
"36","A36",31,18.23529412,9,27.23529412,11.25,27,1,1,1,1,1,1,1,7
"37","A37",23,13.52941176,13,26.52941176,16.25,27,0,0,1,0,0,0,0,1
"38","A38",22,12.94117647,15,27.94117647,18.75,28,0,1,0,1,0,0,0,2
"39","A39",9,5.294117647,22,27.29411765,27.5,28,1,0,0,1,1,0,0,3
"40","A40",13,7.647058824,20,27.64705882,25,28,1,1,1,1,1,0,0,5
"41","A41",17,10,18,28,22.5,28,1,0,0,0,1,1,0,3
"42","A42",13,7.647058824,20,27.64705882,25,28,1,0,0,1,0,0,0,2
"43","A43",23,13.52941176,15,28.52941176,18.75,29,1,1,0,1,1,1,0,5
"44","A44",24,14.11764706,15,29.11764706,18.75,29,1,0,0,0,0,1,0,2
"45","A45",19,11.17647059,18,29.17647059,22.5,29,0,0,0,0,0,0,0,0
"46","A46",23,13.52941176,19,32.52941176,23.75,33,1,0,1,0,0,0,0,2
"47","A47",28,16.47058824,17,33.47058824,21.25,33,1,1,0,1,1,0,0,4
"48","A48",18,10.58823529,22,32.58823529,27.5,33,1,0,1,1,1,0,0,4
"49","A49",23,13.52941176,19,32.52941176,23.75,33,0,0,0,0,0,0,0,0
"50","A50",20,11.76470588,21,32.76470588,26.25,33,1,1,1,1,0,0,0,4
"51","A51",19,11.17647059,23,34.17647059,28.75,34,0,0,0,0,0,0,0,0
"52","A52",10,5.882352941,27,32.88235294,33.75,34,1,1,0,0,0,0,0,2
"53","A53",22,12.94117647,21,33.94117647,26.25,34,1,1,0,0,0,0,0,2
"54","A54",11,6.470588235,28,34.47058824,35,35,1,1,1,1,1,0,0,5
"55","A55",21,12.35294118,23,35.35294118,28.75,35,1,0,0,1,0,0,0,2
"56","A56",23,13.52941176,21,34.52941176,26.25,35,1,1,1,1,1,0,0,5
"57","A57",10,5.882352941,28,33.88235294,35,35,0,0,0,1,0,0,0,1
"58","A58",18,10.58823529,24,34.58823529,30,35,1,0,0,0,0,0,0,1
"59","A59",29,17.05882353,19,36.05882353,23.75,36,0,1,0,0,0,0,0,1
"60","A60",18,10.58823529,25,35.58823529,31.25,36,1,1,1,0,0,0,0,3
"61","A61",25,14.70588235,21,35.70588235,26.25,36,1,1,0,1,0,0,0,3
"62","A62",22,12.94117647,23,35.94117647,28.75,36,1,1,0,0,0,0,0,2
"63","A63",28,16.47058824,21,37.47058824,26.25,37,1,0,1,0,1,0,0,3
"64","A64",14,8.235294118,29,37.23529412,36.25,37,1,0,1,0,0,0,0,2
"65","A65",14,8.235294118,29,37.23529412,36.25,37,1,0,0,0,0,0,0,1
"66","A66",13,7.647058824,29,36.64705882,36.25,37,1,0,0,0,0,0,0,1
"67","A67",14,8.235294118,29,37.23529412,36.25,37,1,0,1,0,0,0,1,3
"68","A68",20,11.76470588,25,36.76470588,31.25,37,1,0,1,0,0,1,1,4
"69","A69",4,2.352941176,30,32.35294118,37.5,38,0,1,0,0,0,0,0,1
"70","A70",26,15.29411765,23,38.29411765,28.75,38,1,1,0,1,0,1,0,4
"71","A71",22,12.94117647,25,37.94117647,31.25,38,0,1,0,0,0,0,0,1
"72","A72",14,8.235294118,30,38.23529412,37.5,38,0,1,0,0,0,0,0,1
"73","A73",23,13.52941176,24,37.52941176,30,38,1,1,1,1,1,0,1,6
"74","A74",8,4.705882353,31,35.70588235,38.75,39,1,0,0,1,1,0,0,3
"75","A75",26,15.29411765,24,39.29411765,30,39,1,0,0,1,1,1,0,4
"76","A76",25,14.70588235,24,38.70588235,30,39,1,1,1,1,1,0,0,5
"77","A77",12,7.058823529,31,38.05882353,38.75,39,1,1,0,1,0,0,0,3
"78","A78",25,14.70588235,24,38.70588235,30,39,1,1,1,0,0,0,0,3
"79","A79",11,6.470588235,32,38.47058824,40,40,1,0,1,1,0,0,0,3
"80","A80",5,2.941176471,32,34.94117647,40,40,0,0,0,1,0,0,0,1
"81","A81",14,8.235294118,32,40.23529412,40,40,1,1,1,1,0,0,0,4
"82","A82",18,10.58823529,29,39.58823529,36.25,40,1,1,1,0,0,0,0,3
"83","A83",18,10.58823529,30,40.58823529,37.5,41,1,1,0,1,1,1,0,5
"84","A84",21,12.35294118,29,41.35294118,36.25,41,0,0,0,0,0,0,0,0
"85","A85",20,11.76470588,29,40.76470588,36.25,41,1,0,0,0,0,0,0,1
"86","A86",11,6.470588235,33,39.47058824,41.25,41,1,0,0,0,1,0,1,3
"87","A87",25,14.70588235,27,41.70588235,33.75,42,1,1,1,1,1,0,0,5
"88","A88",20,11.76470588,30,41.76470588,37.5,42,1,1,1,1,1,0,0,5
"89","A89",19,11.17647059,31,42.17647059,38.75,42,1,0,1,1,1,0,0,4
"90","A90",21,12.35294118,31,43.35294118,38.75,43,1,0,0,1,1,0,0,3
"91","A91",21,12.35294118,31,43.35294118,38.75,43,1,1,0,1,0,0,0,3
"92","A92",16,9.411764706,34,43.41176471,42.5,43,1,0,1,1,0,0,0,3
"93","A93",28,16.47058824,27,43.47058824,33.75,43,1,1,1,1,1,0,0,5
"94","A94",14,8.235294118,34,42.23529412,42.5,43,1,0,0,0,0,0,0,1
"95","A95",7,4.117647059,34,38.11764706,42.5,43,1,0,0,0,0,0,0,1
"96","A100",20,11.76470588,32,43.76470588,40,44,1,0,0,0,0,0,0,1
"97","A101",18,10.58823529,33,43.58823529,41.25,44,1,0,0,0,0,0,0,1
"98","A102",17,10,34,44,42.5,44,1,0,0,0,0,0,0,1
"99","A96",25,14.70588235,29,43.70588235,36.25,44,1,0,0,0,0,0,0,1
"100","A97",12,7.058823529,35,42.05882353,43.75,44,0,0,0,1,0,0,0,1
"101","A98",20,11.76470588,32,43.76470588,40,44,1,0,0,0,1,0,0,2
"102","A99",17,10,34,44,42.5,44,1,1,0,0,0,1,0,3
"103","A103",25,14.70588235,30,44.70588235,37.5,45,1,0,0,1,1,1,0,4
"104","A104",8,4.705882353,36,40.70588235,45,45,0,0,1,1,0,0,0,2
"105","A105",17,10,35,45,43.75,45,1,0,1,1,0,1,1,5
"106","A106",19,11.17647059,35,46.17647059,43.75,46,1,1,1,1,1,0,1,6
"107","A107",14,8.235294118,37,45.23529412,46.25,46,0,0,0,0,0,0,0,0
"108","A108",18,10.58823529,35,45.58823529,43.75,46,1,1,1,0,0,0,0,3
"109","A109",16,9.411764706,37,46.41176471,46.25,46,1,0,1,1,0,0,0,3
"110","A110",22,12.94117647,33,45.94117647,41.25,46,1,1,0,1,1,0,0,4
"111","A111",20,11.76470588,34,45.76470588,42.5,46,1,0,0,0,0,0,0,1
"112","A112",21,12.35294118,35,47.35294118,43.75,47,1,1,1,1,1,0,0,5
"113","A113",21,12.35294118,35,47.35294118,43.75,47,1,0,0,0,0,0,0,1
"114","A114",22,12.94117647,34,46.94117647,42.5,47,1,0,0,1,0,0,0,2
"115","A115",24,14.11764706,33,47.11764706,41.25,47,1,0,0,0,0,0,0,1
"116","A116",18,10.58823529,37,47.58823529,46.25,48,1,1,1,1,0,0,0,4
"117","A117",29,17.05882353,31,48.05882353,38.75,48,1,1,1,0,0,0,0,3
"118","A118",12,7.058823529,38,45.05882353,47.5,48,1,1,0,0,0,0,0,2
"119","A119",14,8.235294118,38,46.23529412,47.5,48,1,0,0,0,0,0,0,1
"120","A120",25,14.70588235,34,48.70588235,42.5,49,1,1,1,1,1,1,1,7
"121","A121",17,10,39,49,48.75,49,1,1,0,0,1,0,0,3
"122","A122",11,6.470588235,39,45.47058824,48.75,49,0,1,0,0,0,0,0,1
"123","A123",12,7.058823529,39,46.05882353,48.75,49,1,1,1,1,0,0,0,4
"124","A124",22,12.94117647,36,48.94117647,45,49,1,1,1,0,0,0,0,3
"125","A125",13,7.647058824,39,46.64705882,48.75,49,1,1,1,0,1,0,0,4
"126","A126",22,12.94117647,36,48.94117647,45,49,1,1,1,1,0,0,0,4
"127","A127",21,12.35294118,37,49.35294118,46.25,49,1,1,1,0,0,0,0,3
"128","A128",19,11.17647059,39,50.17647059,48.75,50,1,1,1,1,1,0,0,5
"129","A129",12,7.058823529,40,47.05882353,50,50,1,0,0,1,1,0,0,3
"130","A130",16,9.411764706,40,49.41176471,50,50,0,1,1,1,0,0,0,3
"131","A131",23,13.52941176,36,49.52941176,45,50,1,0,0,0,1,0,1,3
"132","A132",16,9.411764706,40,49.41176471,50,50,0,1,1,1,0,0,0,3
"133","A133",20,11.76470588,38,49.76470588,47.5,50,1,0,0,0,0,0,0,1
"134","A134",20,11.76470588,39,50.76470588,48.75,51,1,1,0,1,0,1,0,4
"135","A135",25,14.70588235,36,50.70588235,45,51,0,0,1,0,1,0,0,2
"136","A136",18,10.58823529,40,50.58823529,50,51,1,1,0,1,0,0,0,3
"137","A137",28,16.47058824,36,52.47058824,45,52,1,1,1,0,0,0,0,3
"138","A138",34,20,32,52,40,52,1,1,1,1,1,0,0,5
"139","A139",26,15.29411765,37,52.29411765,46.25,52,1,1,0,0,0,1,1,4
"140","A140",22,12.94117647,39,51.94117647,48.75,52,1,1,1,1,1,0,1,6
"141","A141",29,17.05882353,36,53.05882353,45,53,1,1,1,1,1,1,0,6
"142","A142",19,11.17647059,42,53.17647059,52.5,53,1,1,0,1,1,1,1,6
"143","A143",22,12.94117647,40,52.94117647,50,53,0,1,1,1,1,0,0,4
"144","A144",18,10.58823529,42,52.58823529,52.5,53,1,1,1,1,0,0,0,4
"145","A145",20,11.76470588,41,52.76470588,51.25,53,1,1,1,1,1,1,0,6
"146","A146",15,8.823529412,42,50.82352941,52.5,53,1,1,0,1,0,0,0,3
"147","A147",0,0,42,42,52.5,53,1,0,0,0,0,0,0,1
"148","A148",0,0,43,43,53.75,54,0,0,0,0,0,0,0,0
"149","A149",16,9.411764706,43,52.41176471,53.75,54,0,0,1,0,1,0,0,2
"150","A150",19,11.17647059,44,55.17647059,55,55,0,0,0,0,1,0,0,1
"151","A151",19,11.17647059,44,55.17647059,55,55,1,1,1,1,1,0,0,5
"152","A152",10,5.882352941,44,49.88235294,55,55,0,0,1,1,1,0,0,3
"153","A153",32,18.82352941,36,54.82352941,45,55,1,0,0,0,0,0,0,1
"154","A154",9,5.294117647,44,49.29411765,55,55,1,0,1,1,0,0,0,3
"155","A155",24,14.11764706,42,56.11764706,52.5,56,0,0,1,0,0,0,0,1
"156","A156",28,16.47058824,40,56.47058824,50,56,1,0,1,1,0,0,0,3
"157","A157",13,7.647058824,45,52.64705882,56.25,56,1,1,1,0,1,0,0,4
"158","A158",25,14.70588235,41,55.70588235,51.25,56,1,1,1,1,1,0,0,5
"159","A159",31,18.23529412,39,57.23529412,48.75,57,1,0,1,0,0,0,0,2
"160","A160",13,7.647058824,46,53.64705882,57.5,58,1,1,1,1,1,0,0,5
"161","A161",25,14.70588235,43,57.70588235,53.75,58,0,0,0,1,0,0,0,1
"162","A162",25,14.70588235,43,57.70588235,53.75,58,1,0,1,0,1,0,0,3
"163","A163",23,13.52941176,44,57.52941176,55,58,1,1,0,1,0,0,1,4
"164","A164",26,15.29411765,43,58.29411765,53.75,58,0,1,0,0,0,0,0,1
"165","A165",26,15.29411765,43,58.29411765,53.75,58,1,1,1,1,0,1,1,6
"166","A166",9,5.294117647,46,51.29411765,57.5,58,1,0,0,0,0,0,0,1
"167","A167",28,16.47058824,42,58.47058824,52.5,58,1,0,1,0,0,0,0,2
"168","A168",22,12.94117647,46,58.94117647,57.5,59,1,1,0,1,1,1,0,5
"169","A169",27,15.88235294,43,58.88235294,53.75,59,1,1,1,1,1,1,0,6
"170","A170",22,12.94117647,46,58.94117647,57.5,59,1,0,0,1,0,0,1,3
"171","A171",14,8.235294118,47,55.23529412,58.75,59,0,0,0,1,0,0,0,1
"172","A172",22,12.94117647,46,58.94117647,57.5,59,1,0,0,0,1,0,0,2
"173","A173",28,16.47058824,43,59.47058824,53.75,59,1,0,1,0,1,0,0,3
"174","A174",22,12.94117647,46,58.94117647,57.5,59,1,0,1,1,0,0,0,3
"175","A175",11,6.470588235,47,53.47058824,58.75,59,1,0,0,0,0,0,0,1
"176","A176",23,13.52941176,45,58.52941176,56.25,59,1,1,1,1,0,0,1,5
"177","A177",29,17.05882353,43,60.05882353,53.75,60,1,1,0,1,1,0,0,4
"178","A178",28,16.47058824,44,60.47058824,55,60,1,1,1,1,1,0,0,5
"179","A179",34,20,40,60,50,60,1,1,1,1,1,0,0,5
"180","A180",25,14.70588235,45,59.70588235,56.25,60,1,1,1,1,1,1,1,7
"181","A181",22,12.94117647,47,59.94117647,58.75,60,1,1,1,0,1,0,1,5
"182","A182",22,12.94117647,47,59.94117647,58.75,60,1,0,0,0,1,0,0,2
"183","A183",16,9.411764706,48,57.41176471,60,60,1,1,1,1,1,0,1,6
"184","A184",25,14.70588235,45,59.70588235,56.25,60,0,0,0,0,0,0,0,0
"185","A185",22,12.94117647,47,59.94117647,58.75,60,1,1,1,0,0,0,0,3
"186","A186",32,18.82352941,41,59.82352941,51.25,60,1,1,1,0,0,1,1,5
"187","A187",16,9.411764706,49,58.41176471,61.25,61,1,1,1,1,1,0,0,5
"188","A188",28,16.47058824,45,61.47058824,56.25,61,1,1,1,0,0,0,0,3
"189","A189",19,11.17647059,49,60.17647059,61.25,61,1,1,1,1,1,0,0,5
"190","A190",0,0,49,49,61.25,61,1,1,0,0,0,0,0,2
"191","A191",28,16.47058824,45,61.47058824,56.25,61,1,1,1,1,0,0,0,4
"192","A192",31,18.23529412,43,61.23529412,53.75,61,1,1,1,1,1,0,0,5
"193","A193",27,15.88235294,46,61.88235294,57.5,62,1,0,0,1,1,1,0,4
"194","A194",24,14.11764706,49,63.11764706,61.25,63,1,1,0,0,1,1,0,4
"195","A195",25,14.70588235,48,62.70588235,60,63,1,0,1,1,1,0,0,4
"196","A196",19,11.17647059,50,61.17647059,62.5,63,1,1,1,1,1,1,1,7
"197","A197",18,10.58823529,50,60.58823529,62.5,63,1,1,1,1,1,1,1,7
"198","A198",17,10,50,60,62.5,63,1,1,1,1,0,1,1,6
"199","A199",20,11.76470588,51,62.76470588,63.75,64,1,0,0,0,1,1,0,3
"200","A200",22,12.94117647,51,63.94117647,63.75,64,1,0,0,0,0,0,0,1
"201","A201",21,12.35294118,51,63.35294118,63.75,64,0,1,1,0,1,1,1,5
"202","A202",0,0,51,51,63.75,64,1,0,1,0,0,0,0,2
"203","A203",23,13.52941176,50,63.52941176,62.5,64,1,0,0,1,1,0,0,3
"204","A204",18,10.58823529,51,61.58823529,63.75,64,1,0,1,0,1,1,0,4
"205","A205",31,18.23529412,46,64.23529412,57.5,64,1,1,1,1,0,0,0,4
"206","A206",21,12.35294118,51,63.35294118,63.75,64,1,0,1,1,1,0,0,4
"207","A207",29,17.05882353,47,64.05882353,58.75,64,1,1,1,1,0,0,0,4
"208","A208",27,15.88235294,49,64.88235294,61.25,65,1,1,0,0,0,0,0,2
"209","A209",25,14.70588235,50,64.70588235,62.5,65,0,1,0,1,0,0,0,2
"210","A210",12,7.058823529,52,59.05882353,65,65,1,1,0,1,1,1,0,5
"211","A211",22,12.94117647,52,64.94117647,65,65,1,1,0,0,0,0,0,2
"212","A212",19,11.17647059,52,63.17647059,65,65,1,1,1,1,1,0,1,6
"213","A213",27,15.88235294,49,64.88235294,61.25,65,1,0,0,0,0,0,0,1
"214","A214",25,14.70588235,50,64.70588235,62.5,65,1,0,0,1,1,1,1,5
"215","A215",29,17.05882353,49,66.05882353,61.25,66,0,0,0,0,1,0,0,1
"216","A216",20,11.76470588,53,64.76470588,66.25,66,1,1,1,1,1,1,0,6
"217","A217",28,16.47058824,50,66.47058824,62.5,66,1,1,1,1,1,1,1,7
"218","A218",14,8.235294118,53,61.23529412,66.25,66,1,0,0,0,0,1,0,2
"219","A219",26,15.29411765,51,66.29411765,63.75,66,1,0,1,1,0,1,0,4
"220","A220",23,13.52941176,52,65.52941176,65,66,1,1,1,0,1,0,0,4
"221","A221",23,13.52941176,52,65.52941176,65,66,1,1,1,0,1,0,0,4
"222","A222",28,16.47058824,51,67.47058824,63.75,67,0,0,0,0,0,0,0,0
"223","A223",26,15.29411765,53,68.29411765,66.25,68,1,0,0,0,0,0,0,1
"224","A224",18,10.58823529,54,64.58823529,67.5,68,1,1,1,1,1,1,1,7
"225","A225",28,16.47058824,52,68.47058824,65,68,1,1,1,0,1,0,0,4
"226","A226",23,13.52941176,54,67.52941176,67.5,68,1,0,1,0,0,0,0,2
"227","A227",31,18.23529412,50,68.23529412,62.5,68,1,1,1,1,1,1,1,7
"228","A228",24,14.11764706,55,69.11764706,68.75,69,1,0,1,1,1,0,0,4
"229","A229",28,16.47058824,53,69.47058824,66.25,69,1,1,1,1,0,1,1,6
"230","A230",31,18.23529412,51,69.23529412,63.75,69,1,1,1,0,0,0,0,3
"231","A231",25,14.70588235,54,68.70588235,67.5,69,1,1,1,1,1,0,0,5
"232","A232",29,17.05882353,52,69.05882353,65,69,1,1,1,1,1,0,0,5
"233","A233",21,12.35294118,55,67.35294118,68.75,69,0,1,1,1,0,0,0,3
"234","A234",19,11.17647059,55,66.17647059,68.75,69,1,0,0,0,1,0,0,2
"235","A235",22,12.94117647,55,67.94117647,68.75,69,1,1,1,1,1,1,1,7
"236","A236",20,11.76470588,55,66.76470588,68.75,69,1,1,1,1,1,0,0,5
"237","A237",25,14.70588235,54,68.70588235,67.5,69,1,0,0,0,0,0,0,1
"238","A238",25,14.70588235,55,69.70588235,68.75,70,1,1,1,1,1,0,0,5
"239","A239",19,11.17647059,56,67.17647059,70,70,1,1,1,1,1,1,1,7
"240","A240",25,14.70588235,55,69.70588235,68.75,70,1,1,1,1,1,0,0,5
"241","A241",25,14.70588235,55,69.70588235,68.75,70,0,0,1,1,1,0,0,3
"242","A242",16,9.411764706,56,65.41176471,70,70,0,0,0,1,1,1,1,4
"243","A243",26,15.29411765,55,70.29411765,68.75,70,1,1,1,1,1,0,0,5
"244","A244",25,14.70588235,56,70.70588235,70,71,1,0,0,1,1,1,0,4
"245","A245",19,11.17647059,57,68.17647059,71.25,71,1,1,1,1,1,0,0,5
"246","A246",25,14.70588235,56,70.70588235,70,71,1,1,1,0,1,0,0,4
"247","A247",19,11.17647059,57,68.17647059,71.25,71,1,0,0,0,0,0,0,1
"248","A248",25,14.70588235,57,71.70588235,71.25,72,1,0,0,0,0,0,0,1
"249","A249",25,14.70588235,58,72.70588235,72.5,73,1,1,1,0,1,0,0,4
"250","A250",26,15.29411765,58,73.29411765,72.5,73,1,1,1,0,1,0,1,5
"251","A251",31,18.23529412,55,73.23529412,68.75,73,1,0,1,1,0,1,0,4
"252","A252",31,18.23529412,56,74.23529412,70,74,1,1,0,1,1,1,0,5
"253","A253",25,14.70588235,59,73.70588235,73.75,74,1,1,0,1,1,0,0,4
"254","A254",15,8.823529412,59,67.82352941,73.75,74,0,1,1,1,1,0,0,4
"255","A255",28,16.47058824,58,74.47058824,72.5,74,1,1,1,1,0,0,0,4
"256","A256",25,14.70588235,59,73.70588235,73.75,74,1,1,1,0,0,0,0,3
"257","A257",26,15.29411765,60,75.29411765,75,75,0,1,1,1,1,0,0,4
"258","A258",31,18.23529412,57,75.23529412,71.25,75,1,1,0,1,1,0,0,4
"259","A259",2,1.176470588,60,61.17647059,75,75,0,0,0,0,0,0,0,0
"260","A260",32,18.82352941,56,74.82352941,70,75,1,1,1,1,1,1,1,7
"261","A261",21,12.35294118,61,73.35294118,76.25,76,1,1,1,1,1,0,0,5
"262","A262",24,14.11764706,61,75.11764706,76.25,76,1,1,1,1,0,0,0,4
"263","A263",17,10,61,71,76.25,76,1,0,1,1,0,0,0,3
"264","A264",20,11.76470588,61,72.76470588,76.25,76,1,1,1,1,1,0,0,5
"265","A265",13,7.647058824,61,68.64705882,76.25,76,0,1,0,0,0,0,0,1
"266","A266",32,18.82352941,57,75.82352941,71.25,76,1,1,1,1,1,0,0,5
"267","A267",30,17.64705882,58,75.64705882,72.5,76,1,1,1,1,0,0,0,4
"268","A268",24,14.11764706,61,75.11764706,76.25,76,1,1,1,1,0,0,0,4
"269","A269",29,17.05882353,59,76.05882353,73.75,76,1,1,1,1,1,0,0,5
"270","A270",29,17.05882353,59,76.05882353,73.75,76,0,0,1,1,1,0,0,3
"271","A271",22,12.94117647,61,73.94117647,76.25,76,1,1,1,1,1,1,0,6
"272","A272",18,10.58823529,61,71.58823529,76.25,76,1,0,0,0,0,0,0,1
"273","A273",20,11.76470588,62,73.76470588,77.5,78,1,0,0,1,1,1,0,4
"274","A274",22,12.94117647,62,74.94117647,77.5,78,1,1,0,1,0,0,0,3
"275","A275",28,16.47058824,62,78.47058824,77.5,78,1,1,1,1,1,1,0,6
"276","A276",22,12.94117647,62,74.94117647,77.5,78,1,0,0,0,1,0,0,2
"277","A277",29,17.05882353,61,78.05882353,76.25,78,1,1,1,1,1,0,0,5
"278","A278",13,7.647058824,62,69.64705882,77.5,78,1,0,0,1,1,1,0,4
"279","A279",14,8.235294118,62,70.23529412,77.5,78,1,1,1,1,1,0,1,6
"280","A280",5,2.941176471,63,65.94117647,78.75,79,1,0,1,1,1,0,0,4
"281","A281",29,17.05882353,62,79.05882353,77.5,79,1,0,1,1,1,1,1,6
"282","A282",24,14.11764706,63,77.11764706,78.75,79,1,1,1,1,1,0,0,5
"283","A283",28,16.47058824,63,79.47058824,78.75,79,0,0,1,1,0,0,0,2
"284","A284",26,15.29411765,63,78.29411765,78.75,79,1,1,1,1,0,0,0,4
"285","A285",28,16.47058824,63,79.47058824,78.75,79,1,1,1,1,1,0,0,5
"286","A286",32,18.82352941,60,78.82352941,75,79,1,1,1,1,0,0,0,4
"287","A287",22,12.94117647,64,76.94117647,80,80,1,1,1,0,1,0,0,4
"288","A288",21,12.35294118,64,76.35294118,80,80,1,0,1,0,0,0,0,2
"289","A289",25,14.70588235,64,78.70588235,80,80,1,1,1,1,0,1,1,6
"290","A290",28,16.47058824,65,81.47058824,81.25,81,1,1,1,1,1,0,0,5
"291","A291",24,14.11764706,65,79.11764706,81.25,81,1,1,1,1,1,0,0,5
"292","A292",27,15.88235294,65,80.88235294,81.25,81,1,1,0,1,0,0,0,3
"293","A293",22,12.94117647,65,77.94117647,81.25,81,1,1,1,1,1,0,1,6
"294","A294",28,16.47058824,65,81.47058824,81.25,81,1,0,0,1,0,0,0,2
"295","A295",26,15.29411765,65,80.29411765,81.25,81,1,0,0,0,1,1,0,3
"296","A296",31,18.23529412,64,82.23529412,80,82,1,0,1,0,1,0,0,3
"297","A297",29,17.05882353,65,82.05882353,81.25,82,1,1,1,1,1,0,0,5
"298","A298",34,20,62,82,77.5,82,1,1,1,1,1,0,1,6
"299","A299",21,12.35294118,66,78.35294118,82.5,83,1,0,1,1,1,1,1,6
"300","A300",24,14.11764706,66,80.11764706,82.5,83,1,1,1,0,1,0,0,4
"301","A301",20,11.76470588,66,77.76470588,82.5,83,1,1,0,1,0,1,0,4
"302","A302",26,15.29411765,66,81.29411765,82.5,83,1,0,1,1,1,1,1,6
"303","A303",23,13.52941176,66,79.52941176,82.5,83,1,1,1,0,1,0,0,4
"304","A304",31,18.23529412,65,83.23529412,81.25,83,1,1,1,1,0,0,0,4
"305","A305",28,16.47058824,67,83.47058824,83.75,84,1,1,1,1,1,1,1,7
"306","A306",26,15.29411765,67,82.29411765,83.75,84,1,1,1,1,1,1,1,7
"307","A307",28,16.47058824,67,83.47058824,83.75,84,0,1,0,1,1,0,0,3
"308","A308",17,10,67,77,83.75,84,1,1,1,1,1,0,0,5
"309","A309",25,14.70588235,68,82.70588235,85,85,1,1,1,1,1,1,1,7
"310","A310",34,20,65,85,81.25,85,1,1,1,0,0,0,0,3
"311","A311",26,15.29411765,68,83.29411765,85,85,0,1,1,0,1,1,1,5
"312","A312",29,17.05882353,68,85.05882353,85,85,1,1,1,1,1,0,0,5
"313","A313",27,15.88235294,68,83.88235294,85,85,1,1,1,0,0,0,0,3
"314","A314",19,11.17647059,68,79.17647059,85,85,0,0,0,0,1,1,1,3
"315","A315",11,6.470588235,69,75.47058824,86.25,86,1,1,1,1,1,0,0,5
"316","A316",26,15.29411765,70,85.29411765,87.5,88,0,1,1,1,0,0,0,3
"317","A317",22,12.94117647,70,82.94117647,87.5,88,1,1,0,1,1,0,0,4
"318","A318",32,18.82352941,69,87.82352941,86.25,88,1,1,1,1,1,1,1,7
"319","A319",22,12.94117647,70,82.94117647,87.5,88,1,1,1,1,1,0,1,6
"320","A320",26,15.29411765,71,86.29411765,88.75,89,1,1,1,1,1,0,0,5
"321","A321",25,14.70588235,71,85.70588235,88.75,89,1,1,1,0,0,0,0,3
"322","A322",27,15.88235294,72,87.88235294,90,90,1,1,1,0,0,0,0,3
"323","A323",28,16.47058824,73,89.47058824,91.25,91,1,1,0,0,0,0,1,3
"324","A324",23,13.52941176,74,87.52941176,92.5,93,0,1,1,0,0,0,0,2
"325","A325",25,14.70588235,75,89.70588235,93.75,94,1,1,1,1,0,0,0,4
"326","A326",28,16.47058824,75,91.47058824,93.75,94,1,1,1,1,1,1,1,7
"327","A327",29,17.05882353,75,92.05882353,93.75,94,1,1,1,1,1,0,1,6
"328","A328",25,14.70588235,76,90.70588235,95,95,1,1,1,1,1,0,1,6
"329","A329",25,14.70588235,77,91.70588235,96.25,96,1,1,1,1,1,0,1,6
"330","A330",26,15.29411765,78,93.29411765,97.5,98,1,1,1,1,1,1,1,7
"331","A331",0,0,0,0,0,0,0,0,0,0,0,0,0,0
"332","A332",0,0,0,0,0,0,0,0,0,0,0,0,0,0
"333","A333",0,0,0,0,0,0,0,0,0,0,0,0,0,0
"334","A334",0,0,0,0,0,0,0,0,0,0,0,0,0,0
"335","A335",12,7.058823529,0,0,0,0,1,1,1,0,0,0,0,3
